<?xml version="1.0" encoding="UTF-8"?>
<project-private xmlns="http://www.netbeans.org/ns/project-private/1">
    <editor-bookmarks xmlns="http://www.netbeans.org/ns/editor-bookmarks/2" lastBookmarkId="0"/>
    <open-files xmlns="http://www.netbeans.org/ns/projectui-open-files/2">
        <group name="Tutor-Truong">
            <file>file:/D:/OneDrive%20-%20vinhdeptrai/Netbeans%20Workspace/Tutor/Summer-2022/LAB/Tutor-Truong/slot-10/0061-Shape/src/entity/Rectangle.java</file>
            <file>file:/D:/OneDrive%20-%20vinhdeptrai/Netbeans%20Workspace/Tutor/Summer-2022/LAB/Tutor-Truong/slot-10/0061-Shape/src/main/Main.java</file>
            <file>file:/D:/OneDrive%20-%20vinhdeptrai/Netbeans%20Workspace/Tutor/Summer-2022/LAB/Tutor-Truong/slot-10/0061-Shape/src/bo/ManageShape.java</file>
            <file>file:/D:/OneDrive%20-%20vinhdeptrai/Netbeans%20Workspace/Tutor/Summer-2022/LAB/Tutor-Truong/slot-10/0061-Shape/src/entity/Shape.java</file>
            <file>file:/D:/OneDrive%20-%20vinhdeptrai/Netbeans%20Workspace/Tutor/Summer-2022/LAB/Tutor-Truong/slot-10/0061-Shape/src/entity/Circle.java</file>
            <file>file:/D:/OneDrive%20-%20vinhdeptrai/Netbeans%20Workspace/Tutor/Summer-2022/LAB/Tutor-Truong/slot-10/0061-Shape/src/entity/Triangle.java</file>
            <file>file:/D:/OneDrive%20-%20vinhdeptrai/Netbeans%20Workspace/Tutor/Summer-2022/LAB/Tutor-Truong/slot-10/0061-Shape/src/util/Utility.java</file>
        </group>
        <group>
            <file>file:/D:/OneDrive%20-%20vinhdeptrai/Netbeans%20Workspace/Tutor/Summer-2022/LAB/Tutor-Truong/slot-10/0061-Shape/src/entity/Circle.java</file>
            <file>file:/D:/OneDrive%20-%20vinhdeptrai/Netbeans%20Workspace/Tutor/Summer-2022/LAB/Tutor-Truong/slot-10/0061-Shape/src/util/Utility.java</file>
            <file>file:/D:/OneDrive%20-%20vinhdeptrai/Netbeans%20Workspace/Tutor/Summer-2022/LAB/Tutor-Truong/slot-10/0061-Shape/src/entity/Rectangle.java</file>
            <file>file:/D:/OneDrive%20-%20vinhdeptrai/Netbeans%20Workspace/Tutor/Summer-2022/LAB/Tutor-Truong/slot-10/0061-Shape/src/entity/Triangle.java</file>
            <file>file:/D:/OneDrive%20-%20vinhdeptrai/Netbeans%20Workspace/Tutor/Summer-2022/LAB/Tutor-Truong/slot-10/0061-Shape/src/main/Main.java</file>
            <file>file:/D:/OneDrive%20-%20vinhdeptrai/Netbeans%20Workspace/Tutor/Summer-2022/LAB/Tutor-Truong/slot-10/0061-Shape/src/entity/Shape.java</file>
            <file>file:/D:/OneDrive%20-%20vinhdeptrai/Netbeans%20Workspace/Tutor/Summer-2022/LAB/Tutor-Truong/slot-10/0061-Shape/src/bo/ManageShape.java</file>
        </group>
    </open-files>
</project-private>
