<?xml version="1.0" encoding="UTF-8"?>
<project-private xmlns="http://www.netbeans.org/ns/project-private/1">
    <editor-bookmarks xmlns="http://www.netbeans.org/ns/editor-bookmarks/2" lastBookmarkId="0"/>
    <open-files xmlns="http://www.netbeans.org/ns/projectui-open-files/2">
        <group name="Tutor - Group"/>
        <group name="Tutor-HoaiNam">
            <file>file:/C:/Users/PHAM%20KHAC%20VINH/OneDrive%20-%20vinhdeptrai/Netbeans%20Workspace/Tutor/Summer-2022/LAB/Tutor%20-%20Group/slot-09/0021-Student/src/controller/ManageStudent.java</file>
        </group>
    </open-files>
</project-private>
