<?xml version="1.0" encoding="UTF-8"?>
<project-private xmlns="http://www.netbeans.org/ns/project-private/1">
    <editor-bookmarks xmlns="http://www.netbeans.org/ns/editor-bookmarks/2" lastBookmarkId="0"/>
    <open-files xmlns="http://www.netbeans.org/ns/projectui-open-files/2">
        <group>
            <file>file:/D:/.LAB211_TuanVM/TestFruit/src/model/Fruit.java</file>
            <file>file:/D:/.LAB211_TuanVM/TestFruit/src/model/Order.java</file>
            <file>file:/D:/.LAB211_TuanVM/TestFruit/src/view/Ultility.java</file>
            <file>file:/D:/.LAB211_TuanVM/TestFruit/src/view/ViewFruit.java</file>
            <file>file:/D:/.LAB211_TuanVM/TestFruit/src/controller/Manage.java</file>
        </group>
    </open-files>
</project-private>
