<?xml version="1.0" encoding="UTF-8"?>
<project-private xmlns="http://www.netbeans.org/ns/project-private/1">
    <editor-bookmarks xmlns="http://www.netbeans.org/ns/editor-bookmarks/2" lastBookmarkId="0"/>
    <open-files xmlns="http://www.netbeans.org/ns/projectui-open-files/2">
        <group name="LAB211 - SU23">
            <file>file:/C:/Users/ADMIN/Desktop/0011-ConvertBase/src/view/Main.java</file>
            <file>file:/C:/Users/ADMIN/Desktop/0011-ConvertBase/src/bo/ConvertBase.java</file>
        </group>
    </open-files>
</project-private>
